id,description,tag_ids/id,chart_template_id:id,type_tax_use,name,sequence,amount,price_include,amount_type,children_tax_ids:id,account_id:id,refund_account_id:id
tax_iinc_04sv,IMP CONS04S>,,l10n_co_chart_template_comercial,sale,"IMP CONS  4% SERV - OUT",310,0.16,,percent,,co_puc_com_249510,co_puc_com_249510
tax_iinc_08sv,IMP CONS08S>,,l10n_co_chart_template_comercial,sale,"IMP CONS  8% SERV - OUT",311,,,percent,,co_puc_com_249510,co_puc_com_249510
tax_iinc_08bv,IMP CONS08B>,,l10n_co_chart_template_comercial,sale,"IMP CONS  8% BIEN - OUT",312,,,percent,,co_puc_com_249510,co_puc_com_249510
tax_iinc_16sv,IMP CONS16S>,,l10n_co_chart_template_comercial,sale,"IMP CONS 16% SERV - OUT",313,,,percent,,co_puc_com_249510,co_puc_com_249510
tax_iinc_16bv,IMP CONS16B>,,l10n_co_chart_template_comercial,sale,"IMP CONS 16% BIEN - OUT",314,,,percent,,co_puc_com_249510,co_puc_com_249510
tax_iinc_04sc,IMP CONS04S<,,l10n_co_chart_template_comercial,purchase,"IMP CONS  4% SERV - IN",320,,,percent,,co_puc_com_249510,co_puc_com_249510
tax_iinc_08sc,IMP CONS08S<,,l10n_co_chart_template_comercial,purchase,"IMP CONS  8% SERV - IN",321,,,percent,,co_puc_com_249510,co_puc_com_249510
tax_iinc_08bc,IMP CONS08B<,,l10n_co_chart_template_comercial,purchase,"IMP CONS  8% BIEN - IN",322,,,percent,,co_puc_com_249510,co_puc_com_249510
tax_iinc_16sc,IMP CONS16S<,,l10n_co_chart_template_comercial,purchase,"IMP CONS 16% SERV - IN",323,,,percent,,co_puc_com_249510,co_puc_com_249510
tax_iinc_16bc,IMP CONS16B<,,l10n_co_chart_template_comercial,purchase,"IMP CONS 16% BIEN - IN",324,-0.01,,percent,,co_puc_com_249510,co_puc_com_249510
tax_iinc_08bc_IMP,IMP CONS08B<IM,,l10n_co_chart_template_comercial,purchase,"IMP CONS  8% BIEN - IMP",325,-0.01,,percent,,co_puc_com_249510,co_puc_com_249510
tax_iinc_16bc_IMP,IMP CONS16B<IM,,l10n_co_chart_template_comercial,purchase,"IMP CONS 16% BIEN - IMP",326,-0.01,,percent,,co_puc_com_249510,co_puc_com_249510
tax_arcree_004v,CREE04>,,l10n_co_chart_template_comercial,sale,"CREE  4 %",350,-0.33,,percent,,,
tax_arcree_004v_AR,CREE04>\,,l10n_co_chart_template_comercial,sale,"CREE  4 % AUTORET",351,1,,percent,,co_puc_com_236580,co_puc_com_236580
tax_arcree_004v_CP,CREE04>/,,l10n_co_chart_template_comercial,sale,"CREE  4 % CONTRAP",352,0.01,,percent,,co_puc_com_135595,co_puc_com_135595
tax_arcree_008v,CREE08>,,l10n_co_chart_template_comercial,sale,"CREE  8 %",353,-0.01,,percent,,,
tax_arcree_008v_AR,CREE08>\,,l10n_co_chart_template_comercial,sale,"CREE  8 % AUTORET",354,-0.04,,percent,,co_puc_com_236580,co_puc_com_236580
tax_arcree_008v_CP,CREE08>/,,l10n_co_chart_template_comercial,sale,"CREE  8 % CONTRAP",355,-0.04,,percent,,co_puc_com_135595,co_puc_com_135595
tax_arcree_016v,CREE16>,,l10n_co_chart_template_comercial,sale,"CREE 16 %",356,-0.04,,percent,,,
tax_arcree_016v_AR,CREE16>\,,l10n_co_chart_template_comercial,sale,"CREE 16 % AUTORET",357,-0.33,,percent,,co_puc_com_236580,co_puc_com_236580
tax_arcree_016v_CP,CREE16>/,,l10n_co_chart_template_comercial,sale,"CREE 16 % CONTRAP",358,1,,percent,,co_puc_com_135595,co_puc_com_135595
tax_iiva_05bv,IVA05B>,,l10n_co_chart_template_comercial,sale,"IVA   5%  BIEN - OUT",100,0.04,,percent,,co_puc_com_240805,co_puc_com_240805
tax_iiva_05bv_EXT,IVA05B>EX,,l10n_co_chart_template_comercial,sale,"IVA ( 5%) BIEN EXTERIOR -> 0% - OUT",110,-0.11,,percent,,co_puc_com_240805,co_puc_com_240805
tax_iiva_05bv_ZFR,IVA05B>ZF,,l10n_co_chart_template_comercial,sale,"IVA ( 5%) BIEN ZONA FRANCA -> 0% - OUT",120,-0.11,,percent,,co_puc_com_240805,co_puc_com_240805
tax_iiva_05bv_SCI,IVA05B>SI,,l10n_co_chart_template_comercial,sale,"IVA ( 5%) BIEN SOCEDAD COMMERCIO INTERNACIONAL -> 0% - OUT",130,-0.11,,percent,,co_puc_com_240805,co_puc_com_240805
tax_iiva_05sv,IVA05S>,,l10n_co_chart_template_comercial,sale,"IVA   5%  SERV - OUT",101,-0.33,,percent,,co_puc_com_240805,co_puc_com_240805
tax_iiva_05sv_EXT,IVA05S>EX,,l10n_co_chart_template_comercial,sale,"IVA ( 5%) SERV EXTERIOR -> 0% - OUT",111,-0.03,,percent,,co_puc_com_240805,co_puc_com_240805
tax_iiva_05sv_ZFR,IVA05S>ZF,,l10n_co_chart_template_comercial,sale,"IVA ( 5%) SERV ZONA FRANCA -> 0% - OUT",121,-0.03,,percent,,co_puc_com_240805,co_puc_com_240805
tax_iiva_05sv_SCI,IVA05S>SI,,l10n_co_chart_template_comercial,sale,"IVA ( 5%) SERV SOCEDAD COMMERCIO INTERNACIONAL -> 0% - OUT",131,-0.03,,percent,,co_puc_com_240805,co_puc_com_240805
tax_iiva_16bv,IVA16b>,,l10n_co_chart_template_comercial,sale,"IVA  16%  BIEN - OUT",102,-0.33,,percent,,co_puc_com_240805,co_puc_com_240805
tax_iiva_16bv_EXT,IVA16b>EX,,l10n_co_chart_template_comercial,sale,"IVA (16%) BIEN EXTERIOR -> 0% - OUT",112,1,,percent,,co_puc_com_240805,co_puc_com_240805
tax_iiva_16bv_ZFR,IVA16b>ZF,,l10n_co_chart_template_comercial,sale,"IVA (16%) BIEN ZONA FRANCA -> 0% - OUT",122,0.03,,percent,,co_puc_com_240805,co_puc_com_240805
tax_iiva_16bv_SCI,IVA16b>SI,,l10n_co_chart_template_comercial,sale,"IVA (16%) BIEN SOCEDAD COMMERCIO INTERNACIONAL -> 0% - OUT",132,-0.03,,percent,,co_puc_com_240805,co_puc_com_240805
tax_iiva_16sv,IVA16S>,,l10n_co_chart_template_comercial,sale,"IVA  16%  SERV - OUT",103,-0.005,,percent,,co_puc_com_240805,co_puc_com_240805
tax_iiva_16sv_EXT,IVA16S>EX,,l10n_co_chart_template_comercial,sale,"IVA (16%) SERV EXTERIOR -> 0% - OUT",113,-0.005,,percent,,co_puc_com_240805,co_puc_com_240805
tax_iiva_16sv_ZFR,IVA16S>ZF,,l10n_co_chart_template_comercial,sale,"IVA (16%) SERV ZONA FRANCA -> 0% - OUT",123,-0.005,,percent,,co_puc_com_240805,co_puc_com_240805
tax_iiva_16sv_SCI,IVA16S>SI,,l10n_co_chart_template_comercial,sale,"IVA (16%) SERV SOCEDAD COMMERCIO INTERNACIONAL -> 0% - OUT",133,-0.33,,percent,,co_puc_com_240805,co_puc_com_240805
tax_iiva_exe_bv,IVAeeB>,,l10n_co_chart_template_comercial,sale,"IVA EXENT BIEN - OUT",104,1,,percent,,co_puc_com_240805,co_puc_com_240805
tax_iiva_exe_bv_EXT,IVAeeB>EX,,l10n_co_chart_template_comercial,sale,"IVA EXENT BIEN EXTERIOR - OUT",114,0.005,,percent,,co_puc_com_240805,co_puc_com_240805
tax_iiva_exe_bv_ZFR,IVAeeB>ZF,,l10n_co_chart_template_comercial,sale,"IVA EXENT BIEN ZONA FRANCA - OUT",124,-0.005,,percent,,co_puc_com_240805,co_puc_com_240805
tax_iiva_exe_bv_SCI,IVAeeB>SI,,l10n_co_chart_template_comercial,sale,"IVA EXENT BIEN SOCEDAD COMMERCIO INTERNACIONAL - OUT",134,-0.015,,percent,,co_puc_com_240805,co_puc_com_240805
tax_iiva_exe_sv,IVAeeS>,,l10n_co_chart_template_comercial,sale,"IVA EXENT SERV - OUT",105,-0.015,,percent,,co_puc_com_240805,co_puc_com_240805
tax_iiva_exe_sv_EXT,IVAeeS>EX,,l10n_co_chart_template_comercial,sale,"IVA EXENT SERV EXTERIOR - OUT",115,-0.015,,percent,,co_puc_com_240805,co_puc_com_240805
tax_iiva_exe_sv_ZFR,IVAeeS>ZF,,l10n_co_chart_template_comercial,sale,"IVA EXENT SERV ZONA FRANCA - OUT",125,-0.33,,percent,,co_puc_com_240805,co_puc_com_240805
tax_iiva_exe_sv_SCI,IVAeeS>SI,,l10n_co_chart_template_comercial,sale,"IVA EXENT SERV SOCEDAD COMMERCIO INTERNACIONAL - OUT",135,1,,percent,,co_puc_com_240805,co_puc_com_240805
tax_iiva_exc_bv,IVAecB>,,l10n_co_chart_template_comercial,sale,"IVA EXCLU BIEN - OUT",106,0.015,,percent,,co_puc_com_240805,co_puc_com_240805
tax_iiva_exc_bv_EXT,IVAecB>EX,,l10n_co_chart_template_comercial,sale,"IVA EXCLU BIEN EXTERIOR - OUT",116,-0.015,,percent,,co_puc_com_240805,co_puc_com_240805
tax_iiva_exc_bv_ZFR,IVAecB>ZF,,l10n_co_chart_template_comercial,sale,"IVA EXCLU BIEN ZONA FRANCA - OUT",126,-0.001,,percent,,co_puc_com_240805,co_puc_com_240805
tax_iiva_exc_bv_SCI,IVAecB>SI,,l10n_co_chart_template_comercial,sale,"IVA EXCLU BIEN SOCEDAD COMMERCIO INTERNACIONAL - OUT",136,-0.001,,percent,,co_puc_com_240805,co_puc_com_240805
tax_iiva_exc_sv,IVAecS>,,l10n_co_chart_template_comercial,sale,"IVA EXCLU SERV - OUT",107,-0.001,,percent,,co_puc_com_240805,co_puc_com_240805
tax_iiva_exc_sv_EXT,IVAecS>EX,,l10n_co_chart_template_comercial,sale,"IVA EXCLU SERV EXTERIOR - OUT",117,-0.33,,percent,,co_puc_com_240805,co_puc_com_240805
tax_iiva_exc_sv_ZFR,IVAecS>ZF,,l10n_co_chart_template_comercial,sale,"IVA EXCLU SERV ZONA FRANCA - OUT",127,1,,percent,,co_puc_com_240805,co_puc_com_240805
tax_iiva_exc_sv_SCI,IVAecS>SI,,l10n_co_chart_template_comercial,sale,"IVA EXCLU SERV SOCEDAD COMMERCIO INTERNACIONAL - OUT",137,0.001,,percent,,co_puc_com_240805,co_puc_com_240805
tax_iiva_no__bv,IVAngB>,,l10n_co_chart_template_comercial,sale,"IVA NOGRA BIEN - OUT",108,-0.001,,percent,,co_puc_com_240805,co_puc_com_240805
tax_iiva_no__bv_EXT,IVAngB>EX,,l10n_co_chart_template_comercial,sale,"IVA NOGRA BIEN EXTERIOR - OUT",118,-0.02,,percent,,co_puc_com_240805,co_puc_com_240805
tax_iiva_no__bv_ZFR,IVAngB>ZF,,l10n_co_chart_template_comercial,sale,"IVA NOGRA BIEN ZONA FRANCA - OUT",128,-0.02,,percent,,co_puc_com_240805,co_puc_com_240805
tax_iiva_no__bv_SCI,IVAngB>SI,,l10n_co_chart_template_comercial,sale,"IVA NOGRA BIEN SOCEDAD COMMERCIO INTERNACIONAL - OUT",138,-0.02,,percent,,co_puc_com_240805,co_puc_com_240805
tax_iiva_no__sv,IVAngS>,,l10n_co_chart_template_comercial,sale,"IVA NOGRA SERV - OUT",109,-0.33,,percent,,co_puc_com_240805,co_puc_com_240805
tax_iiva_no__sv_EXT,IVAngS>EX,,l10n_co_chart_template_comercial,sale,"IVA NOGRA SERV EXTERIOR - OUT",119,1,,percent,,co_puc_com_240805,co_puc_com_240805
tax_iiva_no__sv_ZFR,IVAngS>ZF,,l10n_co_chart_template_comercial,sale,"IVA NOGRA SERV ZONA FRANCA - OUT",129,0.02,,percent,,co_puc_com_240805,co_puc_com_240805
tax_iiva_no__sv_SCI,IVAngS>SI,,l10n_co_chart_template_comercial,sale,"IVA NOGRA SERV SOCEDAD COMMERCIO INTERNACIONAL - OUT",139,-0.02,,percent,,co_puc_com_240805,co_puc_com_240805
tax_iiva_05bc_D,IVA05Bd<,,l10n_co_chart_template_comercial,purchase,"IVA 5% DIRECTO BIEN - IN",200,,,percent,,co_puc_com_240810,co_puc_com_240810
tax_iiva_05bc_EXT_D,IVA05Bd<EX,,l10n_co_chart_template_comercial,purchase,"IVA 5% DIRECTO BIEN EXTERIOR - IN",220,,,percent,,co_puc_com_240810,co_puc_com_240810
tax_iiva_05bc_ZFR_D,IVA05Bd<ZF,,l10n_co_chart_template_comercial,purchase,"IVA 5% DIRECTO BIEN ZONA FRANCA - IN",240,,,percent,,co_puc_com_240810,co_puc_com_240810
tax_iiva_05bc_SCI_D,IVA05Bd<SI,,l10n_co_chart_template_comercial,purchase,"IVA 5% DIRECTO BIEN SOCEDAD COMMERCIO INTERNACIONAL - IN",260,,,percent,,co_puc_com_240810,co_puc_com_240810
tax_iiva_05sc_D,IVA05Sd<,,l10n_co_chart_template_comercial,purchase,"IVA 5% DIRECTO SERV - IN",201,,,percent,,co_puc_com_240810,co_puc_com_240810
tax_iiva_05sc_EXT_D,IVA05Sd<EX,,l10n_co_chart_template_comercial,purchase,"IVA 5% DIRECTO SERV EXTERIOR - IN",221,,,percent,,co_puc_com_240810,co_puc_com_240810
tax_iiva_05sc_ZFR_D,IVA05Sd<ZF,,l10n_co_chart_template_comercial,purchase,"IVA 5% DIRECTO SERV ZONA FRANCA - IN",241,,,percent,,co_puc_com_240810,co_puc_com_240810
tax_iiva_05sc_SCI_D,IVA05Sd<SI,,l10n_co_chart_template_comercial,purchase,"IVA 5% DIRECTO SERV SOCEDAD COMMERCIO INTERNACIONAL - IN",261,,,percent,,co_puc_com_240810,co_puc_com_240810
tax_iiva_16bc_D,IVA16Bd<,,l10n_co_chart_template_comercial,purchase,"IVA 16% DIRECTO BIEN - IN",202,,,percent,,co_puc_com_240810,co_puc_com_240810
tax_iiva_16bc_EXT_D,IVA16Bd<EX,,l10n_co_chart_template_comercial,purchase,"IVA 16% DIRECTO BIEN EXTERIOR - IN",222,,,percent,,co_puc_com_240810,co_puc_com_240810
tax_iiva_16bc_ZFR_D,IVA16Bd<ZF,,l10n_co_chart_template_comercial,purchase,"IVA 16% DIRECTO BIEN ZONA FRANCA - IN",242,,,percent,,co_puc_com_240810,co_puc_com_240810
tax_iiva_16bc_SCI_D,IVA16Bd<SI,,l10n_co_chart_template_comercial,purchase,"IVA 16% DIRECTO BIEN SOCEDAD COMMERCIO INTERNACIONAL - IN",262,,,percent,,co_puc_com_240810,co_puc_com_240810
tax_iiva_16sc_D,IVA16Sd<,,l10n_co_chart_template_comercial,purchase,"IVA 16% DIRECTO SERV - IN",203,,,percent,,co_puc_com_240810,co_puc_com_240810
tax_iiva_16sc_EXT_D,IVA16Sd<EX,,l10n_co_chart_template_comercial,purchase,"IVA 16% DIRECTO SERV EXTERIOR - IN",223,,,percent,,co_puc_com_240810,co_puc_com_240810
tax_iiva_16sc_ZFR_D,IVA16Sd<ZF,,l10n_co_chart_template_comercial,purchase,"IVA 16% DIRECTO SERV ZONA FRANCA - IN",243,-0.02,,percent,,co_puc_com_240810,co_puc_com_240810
tax_iiva_16sc_SCI_D,IVA16Sd<SI,,l10n_co_chart_template_comercial,purchase,"IVA 16% DIRECTO SERV SOCEDAD COMMERCIO INTERNACIONAL - IN",263,-0.02,,percent,,co_puc_com_240810,co_puc_com_240810
tax_iiva_05bc_C,IVA05Bc<,,l10n_co_chart_template_comercial,purchase,"IVA 5% COMMUN BIEN NACIONAL - IN",204,-0.02,,percent,,co_puc_com_240810,co_puc_com_240810
tax_iiva_05bc_EXT_C,IVA05Bc<EX,,l10n_co_chart_template_comercial,purchase,"IVA 5% COMMUN BIEN EXTERIOR - IN",224,-0.33,,percent,,co_puc_com_240810,co_puc_com_240810
tax_iiva_05bc_ZFR_C,IVA05Bc<ZF,,l10n_co_chart_template_comercial,purchase,"IVA 5% COMMUN BIEN ZONA FRANCA - IN",244,1,,percent,,co_puc_com_240810,co_puc_com_240810
tax_iiva_05bc_SCI_C,IVA05Bc<SI,,l10n_co_chart_template_comercial,purchase,"IVA 5% COMMUN BIEN SOCEDAD COMMERCIO INTERNACIONAL - IN",264,0.02,,percent,,co_puc_com_240810,co_puc_com_240810
tax_iiva_05sc_C,IVA05Sc<,,l10n_co_chart_template_comercial,purchase,"IVA 5% COMMUN SERV - IN",205,-0.02,,percent,,co_puc_com_240810,co_puc_com_240810
tax_iiva_05sc_EXT_C,IVA05Sc<EX,,l10n_co_chart_template_comercial,purchase,"IVA 5% COMMUN SERV EXTERIOR - IN",225,,,percent,,co_puc_com_240810,co_puc_com_240810
tax_iiva_05sc_ZFR_C,IVA05Sc<ZF,,l10n_co_chart_template_comercial,purchase,"IVA 5% COMMUN SERV ZONA FRANCA - IN",245,,,percent,,co_puc_com_240810,co_puc_com_240810
tax_iiva_05sc_SCI_C,IVA05Sc<SI,,l10n_co_chart_template_comercial,purchase,"IVA 5% COMMUN SERV SOCEDAD COMMERCIO INTERNACIONAL - IN",265,,,percent,,co_puc_com_240810,co_puc_com_240810
tax_iiva_16bc_C,IVA16Bc<,,l10n_co_chart_template_comercial,purchase,"IVA 16% COMMUN BIEN - IN",206,,,percent,,co_puc_com_240810,co_puc_com_240810
tax_iiva_16bc_EXT_C,IVA16Bc<EX,,l10n_co_chart_template_comercial,purchase,"IVA 16% COMMUN BIEN EXTERIOR - IN",226,,,percent,,co_puc_com_240810,co_puc_com_240810
tax_iiva_16bc_ZFR_C,IVA16Bc<ZF,,l10n_co_chart_template_comercial,purchase,"IVA 16% COMMUN BIEN ZONA FRANCA - IN",246,,,percent,,co_puc_com_240810,co_puc_com_240810
tax_iiva_16bc_SCI_C,IVA16Bc<SI,,l10n_co_chart_template_comercial,purchase,"IVA 16% COMMUN BIEN SOCEDAD COMMERCIO INTERNACIONAL - IN",266,,,percent,,co_puc_com_240810,co_puc_com_240810
tax_iiva_16sc_C,IVA16Sc<,,l10n_co_chart_template_comercial,purchase,"IVA 16% COMMUN SERV - IN",207,1,,percent,,co_puc_com_240810,co_puc_com_240810
tax_iiva_16sc_EXT_C,IVA16Sc<EX,,l10n_co_chart_template_comercial,purchase,"IVA 16% COMMUN SERV EXTERIOR - IN",227,0.015,,percent,,co_puc_com_240810,co_puc_com_240810
tax_iiva_16sc_ZFR_C,IVA16Sc<ZF,,l10n_co_chart_template_comercial,purchase,"IVA 16% COMMUN SERV ZONA FRANCA - IN",247,-0.015,,percent,,co_puc_com_240810,co_puc_com_240810
tax_iiva_16sc_SCI_C,IVA16Sc<SI,,l10n_co_chart_template_comercial,purchase,"IVA 16% COMMUN SERV SOCEDAD COMMERCIO INTERNACIONAL - IN",267,1,,percent,,co_puc_com_240810,co_puc_com_240810
tax_iiva_05bc_N,IVA05Bn<,,l10n_co_chart_template_comercial,purchase,"IVA 5% NO DESCONTABLE BIEN NACIONAL - IN",208,0.01,,percent,,,
tax_iiva_05bc_EXT_N,IVA05Bn<EX,,l10n_co_chart_template_comercial,purchase,"IVA 5% NO DESCONTABLE BIEN EXTERIOR - IN",228,-0.01,,percent,,,
tax_iiva_05bc_ZFR_N,IVA05Bn<ZF,,l10n_co_chart_template_comercial,purchase,"IVA 5% NO DESCONTABLE BIEN ZONA FRANCA - IN",248,,,percent,,,
tax_iiva_05bc_SCI_N,IVA05Bn<SI,,l10n_co_chart_template_comercial,purchase,"IVA 5% NO DESCONTABLE BIEN SOCEDAD COMMERCIO INTERNACIONAL - IN",268,,,percent,,,
tax_iiva_05sc_N,IVA05Sn<,,l10n_co_chart_template_comercial,purchase,"IVA 5% NO DESCONTABLE SERV - IN",209,,,percent,,,
tax_iiva_05sc_EXT_N,IVA05Sn<EX,,l10n_co_chart_template_comercial,purchase,"IVA 5% NO DESCONTABLE SERV EXTERIOR - IN",229,,,percent,,,
tax_iiva_05sc_ZFR_N,IVA05Sn<ZF,,l10n_co_chart_template_comercial,purchase,"IVA 5% NO DESCONTABLE SERV ZONA FRANCA - IN",249,,,percent,,,
tax_iiva_05sc_SCI_N,IVA05Sn<SI,,l10n_co_chart_template_comercial,purchase,"IVA 5% NO DESCONTABLE SERV SOCEDAD COMMERCIO INTERNACIONAL - IN",269,,,percent,,,
tax_iiva_16bc_N,IVA16Bn<,,l10n_co_chart_template_comercial,purchase,"IVA 16% NO DESCONTABLE BIEN - IN",210,,,percent,,,
tax_iiva_16bc_EXT_N,IVA16Bn<EX,,l10n_co_chart_template_comercial,purchase,"IVA 16% NO DESCONTABLE BIEN EXTERIOR - IN",230,,,percent,,,
tax_iiva_16bc_ZFR_N,IVA16Bn<ZF,,l10n_co_chart_template_comercial,purchase,"IVA 16% NO DESCONTABLE BIEN ZONA FRANCA - IN",250,,,percent,,,
tax_iiva_16bc_SCI_N,IVA16Bn<SI,,l10n_co_chart_template_comercial,purchase,"IVA 16% NO DESCONTABLE BIEN SOCEDAD COMMERCIO INTERNACIONAL - IN",270,1,,percent,,,
tax_iiva_16sc_N,IVA16Sn<,,l10n_co_chart_template_comercial,purchase,"IVA 16% NO DESCONTABLE SERV - IN",211,0.025,,percent,,,
tax_iiva_16sc_EXT_N,IVA16Sn<EX,,l10n_co_chart_template_comercial,purchase,"IVA 16% NO DESCONTABLE SERV EXTERIOR - IN",231,-0.025,,percent,,,
tax_iiva_16sc_ZFR_N,IVA16Sn<ZF,,l10n_co_chart_template_comercial,purchase,"IVA 16% NO DESCONTABLE SERV ZONA FRANCA - IN",251,1,,percent,,,
tax_iiva_16sc_SCI_N,IVA16Sn<SI,,l10n_co_chart_template_comercial,purchase,"IVA 16% NO DESCONTABLE SERV SOCEDAD COMMERCIO INTERNACIONAL - IN",271,0.025,,percent,,,
tax_iiva_exe bc,IVAeeB<,,l10n_co_chart_template_comercial,purchase,"IVA EXENT BIEN - IN",212,-0.025,,percent,,,
tax_iiva_exe bc_EXT,IVAeeB<EX,,l10n_co_chart_template_comercial,purchase,"IVA EXENT BIEN EXTERIOR - IN",232,-0.2,,percent,,,
tax_iiva_exe bc_ZFR,IVAeeB<ZF,,l10n_co_chart_template_comercial,purchase,"IVA EXENT BIEN ZONA FRANCA - IN",252,-0.2,,percent,,,
tax_iiva_exe bc_SCI,IVAeeB<SI,,l10n_co_chart_template_comercial,purchase,"IVA EXENT BIEN SOCEDAD COMMERCIO INTERNACIONAL - IN",272,-0.2,,percent,,,
tax_iiva_exe sc,IVAeeS<,,l10n_co_chart_template_comercial,purchase,"IVA EXENT SERV - IN",213,-0.33,,percent,,,
tax_iiva_exe sc_EXT,IVAeeS<EX,,l10n_co_chart_template_comercial,purchase,"IVA EXENT SERV EXTERIOR - IN",233,,,percent,,,
tax_iiva_exe sc_ZFR,IVAeeS<ZF,,l10n_co_chart_template_comercial,purchase,"IVA EXENT SERV ZONA FRANCA - IN",253,,,percent,,,
tax_iiva_exe sc_SCI,IVAeeS<SI,,l10n_co_chart_template_comercial,purchase,"IVA EXENT SERV SOCEDAD COMMERCIO INTERNACIONAL - IN",273,,,percent,,,
tax_iiva_exc bc,IVAecB<,,l10n_co_chart_template_comercial,purchase,"IVA EXCLU BIEN - IN",214,,,percent,,,
tax_iiva_exc bc_EXT,IVAecB<EX,,l10n_co_chart_template_comercial,purchase,"IVA EXCLU BIEN EXTERIOR - IN",234,,,percent,,,
tax_iiva_exc bc_ZFR,IVAecB<ZF,,l10n_co_chart_template_comercial,purchase,"IVA EXCLU BIEN ZONA FRANCA - IN",254,,,percent,,,
tax_iiva_exc bc_SCI,IVAecB<SI,,l10n_co_chart_template_comercial,purchase,"IVA EXCLU BIEN SOCEDAD COMMERCIO INTERNACIONAL - IN",274,,,percent,,,
tax_iiva_exc sc,IVAecS<,,l10n_co_chart_template_comercial,purchase,"IVA EXCLU SERV - IN",215,,,percent,,,
tax_iiva_exc sc_EXT,IVAecS<EX,,l10n_co_chart_template_comercial,purchase,"IVA EXCLU SERV EXTERIOR - IN",235,,,percent,,,
tax_iiva_exc sc_ZFR,IVAecS<ZF,,l10n_co_chart_template_comercial,purchase,"IVA EXCLU SERV ZONA FRANCA - IN",255,-0.02,,percent,,,
tax_iiva_exc sc_SCI,IVAecS<SI,,l10n_co_chart_template_comercial,purchase,"IVA EXCLU SERV SOCEDAD COMMERCIO INTERNACIONAL - IN",275,-0.33,,percent,,,
tax_iiva_no  bc,IVAngB<,,l10n_co_chart_template_comercial,purchase,"IVA NOGRA BIEN - IN",216,,,percent,,,
tax_iiva_no  bc_EXT,IVAngB<EX,,l10n_co_chart_template_comercial,purchase,"IVA NOGRA BIEN EXTERIOR - IN",236,,,percent,,,
tax_iiva_no  bc_ZFR,IVAngB<ZF,,l10n_co_chart_template_comercial,purchase,"IVA NOGRA BIEN ZONA FRANCA - IN",256,,,percent,,,
tax_iiva_no  bc_SCI,IVAngB<SI,,l10n_co_chart_template_comercial,purchase,"IVA NOGRA BIEN SOCEDAD COMMERCIO INTERNACIONAL - IN",276,,,percent,,,
tax_iiva_no  sc,IVAngS<,,l10n_co_chart_template_comercial,purchase,"IVA NOGRA SERV - IN",217,-0.04,,percent,,,
tax_iiva_no  sc_EXT,IVAngS<EX,,l10n_co_chart_template_comercial,purchase,"IVA NOGRA SERV EXTERIOR - IN",237,-0.04,,percent,,,
tax_iiva_no  sc_ZFR,IVAngS<ZF,,l10n_co_chart_template_comercial,purchase,"IVA NOGRA SERV ZONA FRANCA - IN",257,-0.04,,percent,,,
tax_iiva_no  sc_SCI,IVAngS<SI,,l10n_co_chart_template_comercial,purchase,"IVA NOGRA SERV SOCEDAD COMMERCIO INTERNACIONAL - IN",277,-0.33,,percent,,,
tax_riva_240_rc_v,RTE IVA24>RC,,l10n_co_chart_template_comercial,sale,"RTE IVA 2.4%",140,1,,percent,,co_puc_com_135517,co_puc_com_135517
tax_riva_075_rc_v,RTEIVA75>RTEC,,l10n_co_chart_template_comercial,sale,"RTE IVA 0.75%",141,0.04,,percent,,co_puc_com_135517,co_puc_com_135517
tax_riva_240_rc_c,RTEIVA24<RTEC,,l10n_co_chart_template_comercial,purchase,"RTE IVA 2.4% AL RTEEGIMEN COMMUN",280,-0.04,,percent,,co_puc_com_236705,co_puc_com_236705
tax_riva_075_rc_c,RTEIVA75<RTEC,,l10n_co_chart_template_comercial,purchase,"RTE IVA 0.75% AL RTEEGIMEN COMMUN",281,-0.03,,percent,,co_puc_com_236705,co_puc_com_236705
tax_riva_240_rs_c_D,RTEIVA24D<RTES,,l10n_co_chart_template_comercial,purchase,"RTE IVA 2.4% DIRTEECTO - AL RTES",282,-0.03,,percent,,,
tax_riva_240_rs_c_asum_D,RTEIVA24D<RTES\,,l10n_co_chart_template_comercial,purchase,"RTE IVA 2.4% DIRTEECTO - AL RTES ASUMIDO",283,-0.03,,percent,,co_puc_com_236710,co_puc_com_236710
tax_riva_240_rs_c_cp_D,RTEIVA24D<RTES/,,l10n_co_chart_template_comercial,purchase,"RTE IVA 2.4% DIRTEECTO - AL RTES CONTRTEAPARTETIDA",284,-0.33,,percent,,co_puc_com_240825,co_puc_com_240825
tax_riva_075_rs_c_D,RTEIVA75D<RTES,,l10n_co_chart_template_comercial,purchase,"RTE IVA 0.75% DIRTEECTO - AL RTES",285,1,,percent,,,
tax_riva_075_rs_c_asum_D,RTEIVA75D<RTES\,,l10n_co_chart_template_comercial,purchase,"RTE IVA 0.75% DIRTEECTO - AL RTES ASUMIDO",286,0.03,,percent,,co_puc_com_236710,co_puc_com_236710
tax_riva_075_rs_c_cp_D,RTEIVA75D<RTES/,,l10n_co_chart_template_comercial,purchase,"RTE IVA 0.75% DIRTEECTO - AL RTES CONTRTEAPARTETIDA",287,-0.03,,percent,,co_puc_com_240825,co_puc_com_240825
tax_riva_16_nd_c_D,RTEIVA16D<EX,,l10n_co_chart_template_comercial,purchase,"RTE IVA 16% DIRTEECTO - SERTEVICIO NACIONAL DE UN NO DOMICILIADO",288,0,,percent,,,
tax_riva_16_nd_c_asum_D,RTEIVA16D<EX\,,l10n_co_chart_template_comercial,purchase,"RTE IVA 16% DIRTEECTO - SERTEVICIO NACIONAL DE UN NO DOMICILIADO ASSUMID0",289,0,,percent,,co_puc_com_236705,co_puc_com_236705
tax_riva_16_nd_c_cp_D,RTEIVA16D<EX/,,l10n_co_chart_template_comercial,purchase,"RTE IVA 16% DIRTEECTO - SERTEVICIO NACIONAL DE UN NO DOMICILIADO CONTRTEAPARTETIDA",290,-0.2,,percent,,co_puc_com_240810,co_puc_com_240810
tax_riva_240_rs_c_C,RTEIVA24C<RTES,,l10n_co_chart_template_comercial,purchase,"RTE IVA 2.4% COMMUN - AL RTES",291,0,,percent,,,
tax_riva_240_rs_c_asum_C,RTEIVA24C<RTES\,,l10n_co_chart_template_comercial,purchase,"RTE IVA 2.4% COMMUN - AL RTES ASUMIDO",292,0,,percent,,co_puc_com_236710,co_puc_com_236710
tax_riva_240_rs_c_cp_C,RTEIVA24C<RTES/,,l10n_co_chart_template_comercial,purchase,"RTE IVA 2.4% COMMUN - AL RTES CONTRTEAPARTETIDA",293,-0.2,,percent,,co_puc_com_240820,co_puc_com_240820
tax_riva_075_rs_c_C,RTEIVA75C<RTES,,l10n_co_chart_template_comercial,purchase,"RTE IVA 0.75% COMMUN - AL RTES",294,-0.02,,percent,,,
tax_riva_075_rs_c_asum_C,RTEIVA75C<RTES\,,l10n_co_chart_template_comercial,purchase,"RTE IVA 0.75% COMMUN - AL RTES ASUMIDO",295,-0.02,,percent,,co_puc_com_236705,co_puc_com_236705
tax_riva_075_rs_c_cp_C,RTEIVA75C<RTES/,,l10n_co_chart_template_comercial,purchase,"RTE IVA 0.75% COMMUN - AL RTES CONTRTEAPARTETIDA",296,-0.02,,percent,,co_puc_com_240820,co_puc_com_240820
tax_riva_16_nd_c_C,RTEIVA16C<EX,,l10n_co_chart_template_comercial,purchase,"RTE IVA 16% COMMUN - SERTEVICIO NACIONAL DE UN NO DOMICILIADO",297,-0.33,,percent,,,
tax_riva_16_nd_c_asum_C,RTEIVA16C<EX\,,l10n_co_chart_template_comercial,purchase,"RTE IVA 16% COMMUN - SERTEVICIO NACIONAL DE UN NO DOMICILIADO ASUMIDO",298,1,,percent,,co_puc_com_236705,co_puc_com_236705
tax_riva_16_nd_c_cp_C,RTEIVA16C<EX/,,l10n_co_chart_template_comercial,purchase,"RTE IVA 16% COMMUN - SERTEVICIO NACIONAL DE UN NO DOMICILIADO CONTRTEAPARTETIDA",299,,,percent,,co_puc_com_240815,co_puc_com_240815
tax_riva_240_rs_c_N,RTEIVA24N<RTES,,l10n_co_chart_template_comercial,purchase,"RTE IVA 2.4% NO DESCONTABLE - AL RTES",300,,,percent,,,
tax_riva_240_rs_c_asum_N,RTEIVA24N<RTES\,,l10n_co_chart_template_comercial,purchase,"RTE IVA 2.4% NO DESCONTABLE - AL RTES ASUMIDO",301,,,percent,,co_puc_com_236710,co_puc_com_236710
tax_riva_240_rs_c_cp_N,RTEIVA24N<RTES/,,l10n_co_chart_template_comercial,purchase,"RTE IVA 2.4% NO DESCONTABLE - AL RTES CONTRTEAPARTETIDA",302,,,percent,,co_puc_com_236710,co_puc_com_236710
tax_riva_075_rs_c_N,RTEIVA75N<RTES,,l10n_co_chart_template_comercial,purchase,"RTE IVA 0.75% NO DESCONTABLE - AL RTES",303,-0.01,,percent,,,
tax_riva_075_rs_c_asum_N,RTEIVA75N<RTES\,,l10n_co_chart_template_comercial,purchase,"RTE IVA 0.75% NO DESCONTABLE - AL RTES ASUMIDO",304,-0.01,,percent,,co_puc_com_236710,co_puc_com_236710
tax_riva_075_rs_c_cp_N,RTEIVA75N<RTES/,,l10n_co_chart_template_comercial,purchase,"RTE IVA 0.75% NO DESCONTABLE - AL RTES CONTRTEAPARTETIDA",305,-0.01,,percent,,co_puc_com_236710,co_puc_com_236710
tax_riva_16_nd_c_N,RTEIVA16N<EX,,l10n_co_chart_template_comercial,purchase,"RTE IVA 16% NO DESCONTABLE - SERTEVICIO NACIONAL DE UN NO DOMICILIADO",306,-0.33,,percent,,,
tax_riva_16_nd_c_asum_N,RTEIVA16N<EX\,,l10n_co_chart_template_comercial,purchase,"RTE IVA 16% NO DESCONTABLE - SERTEVICIO NACIONAL DE UN NO DOMICILIADO ASUMIDO",307,,,percent,,co_puc_com_236705,co_puc_com_236705
tax_riva_16_nd_c_cp_N,RTEIVA16N<EX/,,l10n_co_chart_template_comercial,purchase,"RTE IVA 16% NO DESCONTABLE - SERTEVICIO NACIONAL DE UN NO DOMICILIADO CONTRTEAPARTETIDA",308,,,percent,,,
tax_rrenta_ENAJE_01act,RTE FTEenaAFIJ>,,l10n_co_chart_template_comercial,purchase,"RTE FTE C Enajenacion de activos fijos",,,,percent,,,
tax_rrenta_ENAJE_01pas,RTE FTEenaAFIJ<,,l10n_co_chart_template_comercial,sale,"RTE FTE V Enajenacion de activos fijos",,,,percent,,,
tax_rrenta_ENAJE_01pasext,RTE FTEenaAFIJ>EX,,l10n_co_chart_template_comercial,purchase,"RTE FTE EXTERIOR Enajenacion de activos fijos",,,,percent,,,
tax_rrenta_ENAJE_01paspf,RTE FTEenaAFIJ>PF,,l10n_co_chart_template_comercial,purchase,"RTE FTE PARAISO Enajenacion de activos fijos",,,,percent,,,
tax_rrenta_ADQUI_02act,RTE FTEadqRAIC>,,l10n_co_chart_template_comercial,purchase,"RTE FTE C Adquisicion de Bienes Raices",,,,percent,,,
tax_rrenta_ADQUI_02pas,RTE FTEadqRAIC<,,l10n_co_chart_template_comercial,sale,"RTE FTE V Adquisicion de Bienes Raices",,,,percent,,,
tax_rrenta_ADQUI_02actext,RTE FTEadqRAIC>EX,,l10n_co_chart_template_comercial,purchase,"RTE FTE EXTERIOR Adquisicion de Bienes Raíces",,,,percent,,,
tax_rrenta_ADQUI_02actpf,RTE FTEadqRAIC>PF,,l10n_co_chart_template_comercial,purchase,"RTE FTE PARAISO Adquisicion de Bienes Raíces",,,,percent,,,
tax_rrenta_ADQUI_05act,RTE FTEadqVEHI>,,l10n_co_chart_template_comercial,purchase,"RTE FTE C Adquisicion de vehiculos ",604,,,percent,,co_puc_com_236540,co_puc_com_236540
tax_rrenta_ADQUI_05pas,RTE FTEadqVEHI<,,l10n_co_chart_template_comercial,sale,"RTE FTE V Adquisicion de vehiculos ",504,,,percent,,co_puc_com_135515,co_puc_com_135515
tax_rrenta_ADQUI_05actext,RTE FTEadqVEHI>EX,,l10n_co_chart_template_comercial,purchase,"RTE FTE EXTERIOR Adquisicion de vehículos ",704,-0.01,,percent,,co_puc_com_236550,co_puc_com_236550
tax_rrenta_ADQUI_05actpf,RTE FTEadqVEHI>PF,,l10n_co_chart_template_comercial,purchase,"RTE FTE PARAISO Adquisicion de vehículos ",804,-0.01,,percent,,co_puc_com_236550,co_puc_com_236550
tax_rrenta_ADQUI_05pasauto,RTE FTEadqVEHI<AR,,l10n_co_chart_template_comercial,sale,"RTE FTE - Adquisicion de vehiculos ",909,-0.01,,percent,,,
tax_rrenta_ADQUI_05pasauto_ASU,RTE FTEadqVEHI<AR\,,l10n_co_chart_template_comercial,sale,"RTE FTE - Adquisicion de vehículos  ASIMUDO",910,-0.33,,percent,,co_puc_com_236575,co_puc_com_236575
tax_rrenta_ADQUI_05pasauto_CP,RTE FTEadqVEHI<AR/,,l10n_co_chart_template_comercial,sale,"RTE FTE - Adquisicion de vehículos  CONTRAPARTIDA",911,1,,percent,,co_puc_com_521595,co_puc_com_521595
tax_rrenta_ARREN_06act,RTE FTEarrMUEB>,,l10n_co_chart_template_comercial,purchase,"RTE FTE C Arrendamiento de bienes muebles",605,,,percent,,co_puc_com_236530,co_puc_com_236530
tax_rrenta_ARREN_06pas,RTE FTEarrMUEB<,,l10n_co_chart_template_comercial,sale,"RTE FTE V Arrendamiento de bienes muebles",533,,,percent,,co_puc_com_135515,co_puc_com_135515
tax_rrenta_ARREN_06actext,RTE FTEarrMUEB>EX,,l10n_co_chart_template_comercial,purchase,"RTE FTE EXTERIOR Arrendamiento de bienes muebles",705,,,percent,,co_puc_com_236550,co_puc_com_236550
tax_rrenta_ARREN_06actpf,RTE FTEarrMUEB>PF,,l10n_co_chart_template_comercial,purchase,"RTE FTE PARAISO Arrendamiento de bienes muebles",805,,,percent,,co_puc_com_236550,co_puc_com_236550
tax_rrenta_ARREN_06pasauto,RTE FTEarrMUEB<AR,,l10n_co_chart_template_comercial,sale,"RTE FTE - Arrendamiento de bienes muebles",912,,,percent,,,
tax_rrenta_ARREN_06pasauto_ASU,RTE FTEarrMUEB<AR\,,l10n_co_chart_template_comercial,sale,"RTE FTE - Arrendamiento de bienes muebles ASIMUDO",913,,,percent,,co_puc_com_236575,co_puc_com_236575
tax_rrenta_COMIS_09act,RTE FTEcmsSECF>,,l10n_co_chart_template_comercial,purchase,"RTE FTE C Comisiones en el sector financiero",608,,,percent,,co_puc_com_236520,co_puc_com_236520
tax_rrenta_COMIS_09pas,RTE FTEcmsSECF<,,l10n_co_chart_template_comercial,sale,"RTE FTE V Comisiones en el sector financiero",505,,,percent,,co_puc_com_135515,co_puc_com_135515
tax_rrenta_COMIS_09actext,RTE FTEcmsSECF>EX,,l10n_co_chart_template_comercial,purchase,"RTE FTE EXTERIOR Comisiones en el sector financiero",708,,,percent,,co_puc_com_236550,co_puc_com_236550
tax_rrenta_COMIS_09actpf,RTE FTEcmsSECF>PF,,l10n_co_chart_template_comercial,purchase,"RTE FTE PARAISO Comisiones en el sector financiero",808,,,percent,,co_puc_com_236550,co_puc_com_236550
tax_rrenta_COMIS_10act,RTE FTEcmsBOLS>,,l10n_co_chart_template_comercial,purchase,"RTE FTE C Comisiones en operaciones realizadas en bolsa de valores",609,,,percent,,co_puc_com_236520,co_puc_com_236520
tax_rrenta_COMIS_10pas,RTE FTEcmsBOLS<,,l10n_co_chart_template_comercial,sale,"RTE FTE V Comisiones en operaciones realizadas en bolsa de valores",506,,,percent,,co_puc_com_135515,co_puc_com_135515
tax_rrenta_COMIS_10actext,RTE FTEcmsBOLS>EX,,l10n_co_chart_template_comercial,purchase,"RTE FTE EXTERIOR Comisiones en operaciones realizadas en bolsa de valores",709,,,percent,,co_puc_com_236550,co_puc_com_236550
tax_rrenta_COMIS_10actpf,RTE FTEcmsBOLS>PF,,l10n_co_chart_template_comercial,purchase,"RTE FTE PARAISO Comisiones en operaciones realizadas en bolsa de valores",809,,,percent,,co_puc_com_236550,co_puc_com_236550
tax_rrenta_COMIS_10pasauto,RTE FTEcmsBOLS<AR,,l10n_co_chart_template_comercial,sale,"RTE FTE - Comisiones en operaciones realizadas en bolsa de valores",921,,,percent,,,
tax_rrenta_COMIS_10pasauto_ASU,RTE FTEcmsBOLS<AR\,,l10n_co_chart_template_comercial,sale,"RTE FTE - Comisiones en operaciones realizadas en bolsa de valores ASIMUDO",922,,,percent,,co_puc_com_236575,co_puc_com_236575
tax_rrenta_COMIS_10pasauto_CP,RTE FTEcmsBOLS<AR/,,l10n_co_chart_template_comercial,sale,"RTE FTE - Comisiones en operaciones realizadas en bolsa de valores CONTRAPARTIDA",923,,,percent,,co_puc_com_521595,co_puc_com_521595
tax_rrenta_COMPR_11act,RTE FTEcmpCAFE>,,l10n_co_chart_template_comercial,purchase,"RTE FTE C Compra de café pergamino o cereza",610,,,percent,,co_puc_com_236540,co_puc_com_236540
tax_rrenta_COMPR_11pas,RTE FTEcmpCAFE<,,l10n_co_chart_template_comercial,sale,"RTE FTE V Compra de café pergamino o cereza",507,,,percent,,co_puc_com_135515,co_puc_com_135515
tax_rrenta_COMPR_11actext,RTE FTEcmpCAFE>EX,,l10n_co_chart_template_comercial,purchase,"RTE FTE EXTERIOR Compra de café pergamino o cereza",710,,,percent,,co_puc_com_236550,co_puc_com_236550
tax_rrenta_COMPR_11actpf,RTE FTEcmpCAFE>PF,,l10n_co_chart_template_comercial,purchase,"RTE FTE PARAISO Compra de café pergamino o cereza",810,,,percent,,co_puc_com_236550,co_puc_com_236550
tax_rrenta_COMPR_11pasauto,RTE FTEcmpCAFE<AR,,l10n_co_chart_template_comercial,sale,"RTE FTE - Compra de café pergamino o cereza",924,,,percent,,,
tax_rrenta_COMPR_11pasauto_ASU,RTE FTEcmpCAFE<AR\,,l10n_co_chart_template_comercial,sale,"RTE FTE - Compra de café pergamino o cereza ASIMUDO",925,,,percent,,co_puc_com_236575,co_puc_com_236575
tax_rrenta_COMPR_11pasauto_CP,RTE FTEcmpCAFE<AR/,,l10n_co_chart_template_comercial,sale,"RTE FTE - Compra de café pergamino o cereza CONTRAPARTIDA",926,,,percent,,co_puc_com_521595,co_puc_com_521595
tax_rrenta_COMPR_12act,RTE FTEcmpAGRO>,,l10n_co_chart_template_comercial,purchase,"RTE FTE C Compra de productos  agrícolas o pecuarios sin procesamiento industrial ",611,,,percent,,co_puc_com_236540,co_puc_com_236540
tax_rrenta_COMPR_12pas,RTE FTEcmpAGRO<,,l10n_co_chart_template_comercial,sale,"RTE FTE V Compra de productos  agrícolas o pecuarios sin procesamiento industrial ",508,,,percent,,co_puc_com_135515,co_puc_com_135515
tax_rrenta_COMPR_12actext,RTE FTEcmpAGRO>EX,,l10n_co_chart_template_comercial,purchase,"RTE FTE EXTERIOR Compra de productos  agrícolas o pecuarios sin procesamiento industrial ",711,,,percent,,co_puc_com_236550,co_puc_com_236550
tax_rrenta_COMPR_12actpf,RTE FTEcmpAGRO>PF,,l10n_co_chart_template_comercial,purchase,"RTE FTE PARAISO Compra de productos  agrícolas o pecuarios sin procesamiento industrial ",811,,,percent,,co_puc_com_236550,co_puc_com_236550
tax_rrenta_COMPR_12pasauto,RTE FTEcmpAGRO<AR,,l10n_co_chart_template_comercial,sale,"RTE FTE - Compra de productos  agrícolas o pecuarios sin procesamiento industrial ",927,,,percent,,,
tax_rrenta_COMPR_12pasauto_ASU,RTE FTEcmpAGRO<AR\,,l10n_co_chart_template_comercial,sale,"RTE FTE - Compra de productos  agrícolas o pecuarios sin procesamiento industrial  ASIMUDO",928,,,percent,,co_puc_com_236575,co_puc_com_236575
tax_rrenta_COMPR_12pasauto_CP,RTE FTEcmpAGRO<AR/,,l10n_co_chart_template_comercial,sale,"RTE FTE - Compra de productos  agrícolas o pecuarios sin procesamiento industrial  CONTRAPARTIDA",929,,,percent,,co_puc_com_521595,co_puc_com_521595
tax_rrenta_COMPR_13act,RTE FTEcmpPETR>,,l10n_co_chart_template_comercial,purchase,"RTE FTE C Compra de combustible y derivados del petroleo",612,,,percent,,co_puc_com_236540,co_puc_com_236540
tax_rrenta_COMPR_13pas,RTE FTEcmpPETR<,,l10n_co_chart_template_comercial,sale,"RTE FTE V Compra de combustible y derivados del petroleo",509,,,percent,,co_puc_com_135515,co_puc_com_135515
tax_rrenta_COMPR_13actext,RTE FTEcmpPETR>EX,,l10n_co_chart_template_comercial,purchase,"RTE FTE EXTERIOR Compra  de combustible y derivados del petroleo",712,,,percent,,co_puc_com_236550,co_puc_com_236550
tax_rrenta_COMPR_13actpf,RTE FTEcmpPETR>PF,,l10n_co_chart_template_comercial,purchase,"RTE FTE PARAISO Compra  de combustible y derivados del petroleo",812,,,percent,,co_puc_com_236550,co_puc_com_236550
tax_rrenta_COMPR_13pasauto,RTE FTEcmpPETR<AR,,l10n_co_chart_template_comercial,sale,"RTE FTE - Compra  de combustible y derivados del petroleo",930,,,percent,,,
tax_rrenta_COMPR_13pasauto_ASU,RTE FTEcmpPETR<AR\,,l10n_co_chart_template_comercial,sale,"RTE FTE - Compra  de combustible y derivados del petroleo ASIMUDO",931,,,percent,,co_puc_com_236575,co_puc_com_236575
tax_rrenta_COMPR_13pasauto_CP,RTE FTEcmpPETR<AR/,,l10n_co_chart_template_comercial,sale,"RTE FTE - Compra  de combustible y derivados del petroleo CONTRAPARTIDA",932,,,percent,,co_puc_com_521595,co_puc_com_521595
tax_rrenta_CONSU_14act,RTE FTEcsuPUBL>,,l10n_co_chart_template_comercial,purchase,"RTE FTE C Consultoría en obras públicas ",613,,,percent,,co_puc_com_236515,co_puc_com_236515
tax_rrenta_CONSU_14pas,RTE FTEcsuPUBL<,,l10n_co_chart_template_comercial,sale,"RTE FTE V Consultoría en obras públicas ",510,,,percent,,co_puc_com_135515,co_puc_com_135515
tax_rrenta_CONSU_14actext,RTE FTEcsuPUBL>EX,,l10n_co_chart_template_comercial,purchase,"RTE FTE EXTERIOR Consultoría en obras públicas ",713,,,percent,,co_puc_com_236550,co_puc_com_236550
tax_rrenta_CONSU_14actpf,RTE FTEcsuPUBL>PF,,l10n_co_chart_template_comercial,purchase,"RTE FTE PARAISO Consultoría en obras públicas ",813,,,percent,,co_puc_com_236550,co_puc_com_236550
tax_rrenta_CONSU_14pasauto,RTE FTEcsuPUBL<AR,,l10n_co_chart_template_comercial,sale,"RTE FTE - Consultoría en obras públicas ",933,,,percent,,,
tax_rrenta_CONSU_14pasauto_ASU,RTE FTEcsuPUBL<AR\,,l10n_co_chart_template_comercial,sale,"RTE FTE - Consultoría en obras públicas  ASIMUDO",934,,,percent,,co_puc_com_236575,co_puc_com_236575
tax_rrenta_CONSU_14pasauto_CP,RTE FTEcsuPUBL<AR/,,l10n_co_chart_template_comercial,sale,"RTE FTE - Consultoría en obras públicas  CONTRAPARTIDA",935,,,percent,,co_puc_com_521595,co_puc_com_521595
tax_rrenta_CONSU_15act,RTE FTEcsuINFRd>,,l10n_co_chart_template_comercial,purchase,"RTE FTE C Contratos de consultoría en ingeniería de proyectos 15 act",,,,percent,,,
tax_rrenta_CONSU_15pas,RTE FTEcsuINFRd<,,l10n_co_chart_template_comercial,sale,"RTE FTE V Contratos de consultoría en ingeniería de proyectos",,,,percent,,,
tax_rrenta_CONSU_15actext,RTE FTEcsuINFRd>EX,,l10n_co_chart_template_comercial,purchase,"RTE FTE EXTERIOR Contratos de consultoría en ingeniería de proyectos act ext",,,,percent,,,
tax_rrenta_CONSU_15actpf,RTE FTEcsuINFRd>PF,,l10n_co_chart_template_comercial,purchase,"RTE FTE PARAISO Contratos de consultoría en ingeniería de proyectosact pf",,,,percent,,,
tax_rrenta_CONSU_15pasauto,RTE FTEcsuINFRd<AR,,l10n_co_chart_template_comercial,sale,"RTE FTE - Contratos de consultoría en ingeniería de proyectos pas auto",,,,percent,,,
tax_rrenta_CONSU_15pasauto_ASU,RTE FTEcsuINFRd<AR\,,l10n_co_chart_template_comercial,sale,"RTE FTE - Contratos de consultoría en ingeniería de proyectos ASU",,,,percent,,,
tax_rrenta_CONSU_15pasauto_CP,RTE FTEcsuINFRd<AR/,,l10n_co_chart_template_comercial,sale,"RTE FTE - Contratos de consultoría en ingeniería de proyectos CP",,,,percent,,,
tax_rrenta_CONSU_16act,RTE FTEcsuINFRnA>,,l10n_co_chart_template_comercial,purchase,"RTE FTE C Contratos de consultoría en ingeniería de proyectos 16 act",,,,percent,,,
tax_rrenta_CONSU_16pas,RTE FTEcsuINFRnA<,,l10n_co_chart_template_comercial,sale,"RTE FTE V Contratos de consultoría en ingeniería de proyectos 16 pas",,,,percent,,,
tax_rrenta_CONSU_16actext,RTE FTEcsuINFRnA>EX,,l10n_co_chart_template_comercial,purchase,"RTE FTE EXTERIOR Contratos de consultoría en ingeniería de proyectos 16 act ext",,,,percent,,,
tax_rrenta_CONSU_17act,RTE FTEcsuINFRnB>,,l10n_co_chart_template_comercial,purchase,"RTE FTE C Contratos de consultoría en ingeniería de proyectos 17 act",,,,percent,,,
tax_rrenta_CONSU_17pas,RTE FTEcsuINFRnB<,,l10n_co_chart_template_comercial,sale,"RTE FTE V Contratos de consultoría en ingeniería de proyectos 17 pas",,,,percent,,,
tax_rrenta_CONSU_17actext,RTE FTEcsuINFRnB>EX,,l10n_co_chart_template_comercial,purchase,"RTE FTE EXTERIOR Contratos de consultoría en ingeniería de proyectos 17 act ext",,,,percent,,,
tax_rrenta_CONSU_17actpf,RTE FTEcsuINFRnB>PF,,l10n_co_chart_template_comercial,purchase,"RTE FTE PARAISO Contratos de consultoría en ingeniería de proyectos",,,,percent,,,
tax_rrenta_CONTR_18act,RTE FTEctrCSTR>,,l10n_co_chart_template_comercial,purchase,"RTE FTE C Contratos de construccion  y urbanizacion",617,,,percent,,co_puc_com_236525,co_puc_com_236525
tax_rrenta_CONTR_18pas,RTE FTEctrCSTR<,,l10n_co_chart_template_comercial,sale,"RTE FTE V Contratos de construccion  y urbanizacion",514,,,percent,,co_puc_com_135515,co_puc_com_135515
tax_rrenta_CONTR_18actext,RTE FTEctrCSTR>EX,,l10n_co_chart_template_comercial,purchase,"RTE FTE EXTERIOR Contratos de construccion  y urbanizacion",717,,,percent,,co_puc_com_236550,co_puc_com_236550
tax_rrenta_CONTR_18actpf,RTE FTEctrCSTR>PF,,l10n_co_chart_template_comercial,purchase,"RTE FTE PARAISO Contratos de construccion  y urbanizacion",816,,,percent,,co_puc_com_236550,co_puc_com_236550
tax_rrenta_CONTR_18pasauto,RTE FTEctrCSTR<AR,,l10n_co_chart_template_comercial,sale,"RTE FTE - Contratos de construccion  y urbanizacion",939,,,percent,,,
tax_rrenta_CONTR_18pasauto_ASU,RTE FTEctrCSTR<AR\,,l10n_co_chart_template_comercial,sale,"RTE FTE - Contratos de construccion  y urbanizacion ASIMUDO",940,,,percent,,co_puc_com_236575,co_puc_com_236575
tax_rrenta_CONTR_18pasauto_CP,RTE FTEctrCSTR<AR/,,l10n_co_chart_template_comercial,sale,"RTE FTE - Contratos de construccion  y urbanizacion CONTRAPARTIDA",941,,,percent,,co_puc_com_521595,co_puc_com_521595
tax_rrenta_SERV_19act,RTE FTEserPROGd>,,l10n_co_chart_template_comercial,purchase,"RTE FTE C Web y Programas",,,,percent,,,
tax_rrenta_SERV_19pas,RTE FTEserPROGd<,,l10n_co_chart_template_comercial,sale,"RTE FTE V Web y Programas",,,,percent,,,
tax_rrenta_SERV_19actext,RTE FTEserPROGd>EX,,l10n_co_chart_template_comercial,purchase,"RTE FTE EXTERIOR Web y Programas",,,,percent,,,
tax_rrenta_SERV_19actpf,RTE FTEserPROGd>PF,,l10n_co_chart_template_comercial,purchase,"RTE FTE PARAISO Web y Programas",,,,percent,,,
tax_rrenta_SERV_19pasauto,RTE FTEserPROGd<AR,,l10n_co_chart_template_comercial,sale,"RTE FTE - Web y Programas",,,,percent,,,
tax_rrenta_SERV_19pasauto_ASU,RTE FTEserPROGd<AR\,,l10n_co_chart_template_comercial,sale,"RTE FTE - Web y Programas ASU",,,,percent,,,
tax_rrenta_SERV_19pasauto_CP,RTE FTEserPROGd<AR/,,l10n_co_chart_template_comercial,sale,"RTE FTE - Web y Programas CP",,,,percent,,,
tax_rrenta_EXPT_20pasauto,RTE FTEexpHIDR<AR,,l10n_co_chart_template_comercial,sale,"RTE FTE - Exportacion de Hidrocarburos",945,,,percent,,,
tax_rrenta_EXPT_20pasauto_ASU,RTE FTEexpHIDR<AR\,,l10n_co_chart_template_comercial,sale,"RTE FTE - Exportacion de Hidrocarburos ASIMUDO",946,,,percent,,co_puc_com_236575,co_puc_com_236575
tax_rrenta_EXPT_20pasauto_CP,RTE FTEexpHIDR<AR/,,l10n_co_chart_template_comercial,sale,"RTE FTE - Exportacion de Hidrocarburos CONTRAPARTIDA",947,,,percent,,co_puc_com_521595,co_puc_com_521595
tax_rrenta_EXPT_21pasauto,RTE FTEexpMINE<AR,,l10n_co_chart_template_comercial,sale,"RTE FTE - Exportacion de demás productor mineros, incluido el oro ",948,,,percent,,,
tax_rrenta_EXPT_21pasauto_ASU,RTE FTEexpMINE<AR\,,l10n_co_chart_template_comercial,sale,"RTE FTE - Exportacion de demás productor mineros, incluido el oro  ASIMUDO",949,,,percent,,co_puc_com_236575,co_puc_com_236575
tax_rrenta_EXPT_21pasauto_CP,RTE FTEexpMINE<AR/,,l10n_co_chart_template_comercial,sale,"RTE FTE - Exportacion de demás productor mineros, incluido el oro  CONTRAPARTIDA",950,,,percent,,co_puc_com_521595,co_puc_com_521595
tax_rrenta_HONOR_22act,RTE FTEhonNATU>,,l10n_co_chart_template_comercial,purchase,"RTE FTE C Honorarios",,,,percent,,,
tax_rrenta_HONOR_22pas,RTE FTEhonNATU<,,l10n_co_chart_template_comercial,sale,"RTE FTE V Honorarios",,,,percent,,,
tax_rrenta_HONOR_22actext,RTE FTEhonNATU>EX,,l10n_co_chart_template_comercial,purchase,"RTE FTE EXTERIOR Honorarios 22 act ext",,,,percent,,,
tax_rrenta_HONOR_24actext,RTE FTEhonJURI>EX,,l10n_co_chart_template_comercial,purchase,"RTE FTE EXTERIOR Honorarios 24 act ext",,,,percent,,,
tax_rrenta_HONOR_24actpf,RTE FTEhonJURI>PF,,l10n_co_chart_template_comercial,purchase,"RTE FTE PARAISO Honorarios",,,,percent,,,
tax_rrenta_COMIS_22act,RTE FTEcmsNATU>,,l10n_co_chart_template_comercial,purchase,"RTE FTE C Comisiones",,,,percent,,,
tax_rrenta_COMIS_22pas,RTE FTEcmsNATU<,,l10n_co_chart_template_comercial,sale,"RTE FTE V Comisiones",,,,percent,,,
tax_rrenta_COMIS_22actext,RTE FTEcmsNATU>EX,,l10n_co_chart_template_comercial,purchase,"RTE FTE EXTERIOR Comisiones",,,,percent,,,
tax_rrenta_COMIS_22actpf,RTE FTEcmsNATU>PF,,l10n_co_chart_template_comercial,purchase,"RTE FTE PARAISO Comisiones",,,,percent,,,
tax_rrenta_RENDI_25pasauto,RTE FTErenFINA<AR,,l10n_co_chart_template_comercial,sale,"RTE FTE - Rendimiento de instrumentos financieros y derivados ",957,,,percent,,,
tax_rrenta_RENDI_25pasauto_ASU,RTE FTErenFINA<AR\,,l10n_co_chart_template_comercial,sale,"RTE FTE - Rendimiento de instrumentos financieros y derivados  ASIMUDO",958,,,percent,,co_puc_com_236575,co_puc_com_236575
tax_rrenta_RENDI_25pasauto_CP,RTE FTErenFINA<AR/,,l10n_co_chart_template_comercial,sale,"RTE FTE - Rendimiento de instrumentos financieros y derivados  CONTRAPARTIDA",959,,,percent,,co_puc_com_521595,co_puc_com_521595
tax_rrenta_RENDI_26pasauto,RTE FTErenMUTU<AR,,l10n_co_chart_template_comercial,sale,"RTE FTE - Rendimiento de mutuo comercial ",960,,,percent,,,
tax_rrenta_RENDI_26pasauto_ASU,RTE FTErenMUTU<AR\,,l10n_co_chart_template_comercial,sale,"RTE FTE - Rendimiento de mutuo comercial  ASIMUDO",961,,,percent,,co_puc_com_236575,co_puc_com_236575
tax_rrenta_RENDI_26pasauto_CP,RTE FTErenMUTU<AR/,,l10n_co_chart_template_comercial,sale,"RTE FTE - Rendimiento de mutuo comercial  CONTRAPARTIDA",962,,,percent,,co_puc_com_521595,co_puc_com_521595
tax_rrenta_AZAR_27act,RTE FTEazaRIFA>,,l10n_co_chart_template_comercial,purchase,"RTE FTE C Loterías, Rifas, Apuestas y similares",625,,,percent,,co_puc_com_236545,co_puc_com_236545
tax_rrenta_AZAR_27pas,RTE FTEazaRIFA<,,l10n_co_chart_template_comercial,sale,"RTE FTE V Loterías, Rifas, Apuestas y similares",522,,,percent,,co_puc_com_135515,co_puc_com_135515
tax_rrenta_AZAR_27actext,RTE FTEazaRIFA>EX,,l10n_co_chart_template_comercial,purchase,"RTE FTE EXTERIOR Loterías, Rifas, Apuestas y similares",725,,,percent,,co_puc_com_236550,co_puc_com_236550
tax_rrenta_AZAR_27actpf,RTE FTEazaRIFA>PF,,l10n_co_chart_template_comercial,purchase,"RTE FTE PARAISO Loterías, Rifas, Apuestas y similares",822,,,percent,,co_puc_com_236550,co_puc_com_236550
tax_rrenta_COMPR_28act,RTE FTEcmpOTROd>,,l10n_co_chart_template_comercial,purchase,"RTE FTE C Otras Compras",,,,percent,,,
tax_rrenta_COMPR_28pas,RTE FTEcmpOTROd<,,l10n_co_chart_template_comercial,sale,"RTE FTE V Otras Compras",,,,percent,,,
tax_rrenta_COMPR_28actext,RTE FTEcmpOTROd>EX,,l10n_co_chart_template_comercial,purchase,"RTE FTE EXTERIOR Otras Compras",,,,percent,,,
tax_rrenta_COMPR_28actpf,RTE FTEcmpOTROd>PF,,l10n_co_chart_template_comercial,purchase,"RTE FTE PARAISO Otras Compras",,,,percent,,,
tax_rrenta_OTORS_28act,RTE FTEotrINGRd>,,l10n_co_chart_template_comercial,purchase,"RTE FTE C Otros ingresos",,,,percent,,,
tax_rrenta_OTORS_28pas,RTE FTEotrINGRd<,,l10n_co_chart_template_comercial,sale,"RTE FTE V Otros ingresos",,,,percent,,,
tax_rrenta_OTORS_28actext,RTE FTEotrINGRd>EX,,l10n_co_chart_template_comercial,purchase,"RTE FTE EXTERIOR Otros ingresos",,,,percent,,,
tax_rrenta_OTORS_28actpf,RTE FTEotrINGRd>PF,,l10n_co_chart_template_comercial,purchase,"RTE FTE PARAISO Otros ingresos",,,,percent,,,
tax_rrenta_OTORS_28pasauto,RTE FTEotrINGRd<AR,,l10n_co_chart_template_comercial,sale,"RTE FTE - Otros ingresos",,,,percent,,,
tax_rrenta_PAGOS_30actext,RTE FTEpagARRI>EX,,l10n_co_chart_template_comercial,purchase,"RTE FTE EXTERIOR Pago al exterior por arrendamiento de maquinaria para construccion, reparacion y mantenimiento de obras civiles ",630,,,percent,,co_puc_com_236550,co_puc_com_236550
tax_rrenta_PAGOS_30actpf,RTE FTEpagARRI>PF,,l10n_co_chart_template_comercial,purchase,"RTE FTE PARAISO Pago al exterior por arrendamiento de maquinaria para construccion, reparacion y mantenimiento de obras civiles ",827,,,percent,,co_puc_com_236550,co_puc_com_236550
tax_rrenta_EMOLU_31act,RTE FTEotrECLEd>,,l10n_co_chart_template_comercial,purchase,"RTE FTE C Emolumentos eclesiásticos",,,,percent,,,
tax_rrenta_EMOLU_31pas,RTE FTEotrECLEd<,,l10n_co_chart_template_comercial,sale,"RTE FTE V Emolumentos eclesiásticos",,,,percent,,,
tax_rrenta_EMOLU_31actext,RTE FTEotrECLEd>EX,,l10n_co_chart_template_comercial,purchase,"RTE FTE EXTERIOR Emolumentos eclesiásticos",,,,percent,,,
tax_rrenta_EMOLU_31actpf,RTE FTEotrECLEd>PF,,l10n_co_chart_template_comercial,purchase,"RTE FTE PARAISO Emolumentos eclesiásticos",,,,percent,,,
tax_rrenta_RENDI_33act,RTE FTErenFIJO>,,l10n_co_chart_template_comercial,purchase,"RTE FTE C Rendimientos Financieros Provenientes de títulos de renta fija",635,,,percent,,co_puc_com_236535,co_puc_com_236535
tax_rrenta_RENDI_33pas,RTE FTErenFIJO<,,l10n_co_chart_template_comercial,sale,"RTE FTE V Rendimientos Financieros Provenientes de títulos de renta fija",700,,,percent,,co_puc_com_135515,co_puc_com_135515
tax_rrenta_RENDI_33actext,RTE FTErenFIJO>EX,,l10n_co_chart_template_comercial,purchase,"RTE FTE EXTERIORTE FTEdimientos Financieros Provenientes de títulos de renta fija",636,,,percent,,co_puc_com_236550,co_puc_com_236550
tax_rrenta_RENDI_33actpf,RTE FTErenFIJO>PF,,l10n_co_chart_template_comercial,purchase,"RTE FTE PARAISO Rendimientos Financieros Provenientes de títulos de renta fija",637,,,percent,,co_puc_com_236550,co_puc_com_236550
tax_rrenta_RENDI_33pasauto,RTE FTErenFIJO<AR,,l10n_co_chart_template_comercial,sale,"RTE FTE - Rendimientos Financieros Provenientes de títulos de renta fija",972,,,percent,,,
tax_rrenta_RENDI_33pasauto_ASU,RTE FTErenFIJO<AR\,,l10n_co_chart_template_comercial,sale,"RTE FTE - Rendimientos Financieros Provenientes de títulos de renta fija ASIMUDO",973,,,percent,,co_puc_com_236575,co_puc_com_236575
tax_rrenta_RENDI_33pasauto_CP,RTE FTErenFIJO<AR/,,l10n_co_chart_template_comercial,sale,"RTE FTE - Rendimientos Financieros Provenientes de títulos de renta fija CONTRAPARTIDA",974,,,percent,,co_puc_com_521595,co_puc_com_521595
tax_rrenta_AZAR_34act,RTE FTEazaINDE>,,l10n_co_chart_template_comercial,purchase,"RTE FTE C Retencion en colocacion independiente de juegos de suerte y azar ",638,,,percent,,co_puc_com_236545,co_puc_com_236545
tax_rrenta_AZAR_34pas,RTE FTEazaINDE<,,l10n_co_chart_template_comercial,sale,"RTE FTE V Retencion en colocacion independiente de juegos de suerte y azar ",707,,,percent,,co_puc_com_135515,co_puc_com_135515
tax_rrenta_AZAR_34actext,RTE FTEazaINDE>EX,,l10n_co_chart_template_comercial,purchase,"RTE FTE EXTERIOR Retencion en colocacion independiente de juegos de suerte y azar ",639,,,percent,,co_puc_com_236550,co_puc_com_236550
tax_rrenta_AZAR_34actpf,RTE FTEazaINDE>PF,,l10n_co_chart_template_comercial,purchase,"RTE FTE PARAISO Retencion en colocacion independiente de juegos de suerte y azar ",640,,,percent,,co_puc_com_236550,co_puc_com_236550
tax_rrenta_AZAR_34pasauto,RTE FTEazaINDE<AR,,l10n_co_chart_template_comercial,sale,"RTE FTE - Retencion en colocacion independiente de juegos de suerte y azar ",975,,,percent,,,
tax_rrenta_AZAR_34pasauto_ASU,RTE FTEazaINDE<AR\,,l10n_co_chart_template_comercial,sale,"RTE FTE - Retencion en colocacion independiente de juegos de suerte y azar  ASIMUDO",976,,,percent,,co_puc_com_236575,co_puc_com_236575
tax_rrenta_AZAR_34pasauto_CP,RTE FTEazaINDE<AR/,,l10n_co_chart_template_comercial,sale,"RTE FTE - Retencion en colocacion independiente de juegos de suerte y azar  CONTRAPARTIDA",977,,,percent,,co_puc_com_521595,co_puc_com_521595
tax_rrenta_SALAR_383_35,RTE FTEsale383>,,l10n_co_chart_template_comercial,purchase,"RTE FTE C (ET383) PM efectuados a la categoría de empleados",641,,,percent,,co_puc_com_236505,co_puc_com_236505
tax_rrenta_SALAR_383_36,RTE FTEsalR383>,,l10n_co_chart_template_comercial,purchase,"RTE FTE C (ET383) Pagos gravables, originados en la relacion laboral o legal y reglamentaria.",642,,,percent,,co_puc_com_236505,co_puc_com_236505
tax_rrenta_SALAR_383_37,RTE FTEsalI383>,,l10n_co_chart_template_comercial,purchase,"RTE FTE C (ET383) Indemnizaciones derivadas de una relacion laboral, legal o reglamentaria superiores a 20.000 UVT ",643,,,percent,,co_puc_com_236505,co_puc_com_236505
tax_rrenta_SALAR_384_35,RTE FTEsale384>,,l10n_co_chart_template_comercial,purchase,"RTE FTE C (ET384) PM efectuados a la categoría de empleados",644,,,percent,,co_puc_com_236505,co_puc_com_236505
tax_rrenta_SALAR_384_36,RTE FTEsalR384>,,l10n_co_chart_template_comercial,purchase,"RTE FTE C (ET384) Pagos gravables, originados en la relacion laboral o legal y reglamentaria.",645,,,percent,,co_puc_com_236505,co_puc_com_236505
tax_rrenta_SALAR_384_37,RTE FTEsalI384>,,l10n_co_chart_template_comercial,purchase,"RTE FTE C (ET384) Indemnizaciones derivadas de una relacion laboral, legal o reglamentaria superiores a 20.000 UVT ",646,,,percent,,co_puc_com_236505,co_puc_com_236505
tax_rrenta_SERVI_38act,RTE FTEserVIGI>,,l10n_co_chart_template_comercial,purchase,"RTE FTE C Servicios de aseo y vigilancia (la base será el 100% del A.I.U. siempre que sea mayor o igual a 4 UVT)",647,,,percent,,co_puc_com_236525,co_puc_com_236525
tax_rrenta_SERVI_38pas,RTE FTEserVIGI<,,l10n_co_chart_template_comercial,sale,"RTE FTE V Servicios de aseo y vigilancia (la base será el 100% del A.I.U. siempre que sea mayor o igual a 4 UVT)",720,,,percent,,co_puc_com_135515,co_puc_com_135515
tax_rrenta_SERVI_38actext,RTE FTEserVIGI>EX,,l10n_co_chart_template_comercial,purchase,"RTE FTE EXTERIOR Servicios de aseo y vigilancia (la base será el 100% del A.I.U. siempre que sea mayor o igual a 4 UVT)",648,,,percent,,co_puc_com_236550,co_puc_com_236550
tax_rrenta_SERVI_38actpf,RTE FTEserVIGI>PF,,l10n_co_chart_template_comercial,purchase,"RTE FTE PARAISO Servicios de aseo y vigilancia (la base será el 100% del A.I.U. siempre que sea mayor o igual a 4 UVT)",649,,,percent,,co_puc_com_236550,co_puc_com_236550
tax_rrenta_SERVI_38pasauto,RTE FTEserVIGI<AR,,l10n_co_chart_template_comercial,sale,"RTE FTE - Servicios de aseo y vigilancia (la base será el 100% del A.I.U. siempre que sea mayor o igual a 4 UVT)",978,,,percent,,,
tax_rrenta_SERVI_39act,RTE FTEserRESTd>,,l10n_co_chart_template_comercial,purchase,"RTE FTE C Servicios de hoteles, restaurantes y hospedajes",,,,percent,,,
tax_rrenta_SERVI_39pas,RTE FTEserRESTd<,,l10n_co_chart_template_comercial,sale,"RTE FTE V Servicios de hoteles, restaurantes y hospedajes",,,,percent,,,
tax_rrenta_SERVI_39actext,RTE FTEserRESTd>EX,,l10n_co_chart_template_comercial,purchase,"RTE FTE EXTERIOR Servicios de hoteles, restaurantes y hospedajes",,,,percent,,,
tax_rrenta_SERVI_39actpf,RTE FTEserRESTd>PF,,l10n_co_chart_template_comercial,purchase,"RTE FTE PARAISO Servicios de hoteles, restaurantes y hospedajes",,,,percent,,,
tax_rrenta_SERVI_40act,RTE FTEserTCARG>,,l10n_co_chart_template_comercial,purchase,"RTE FTE C Servicios de transporte nacional de carga",653,,,percent,,co_puc_com_236525,co_puc_com_236525
tax_rrenta_SERVI_40pas,RTE FTEserTCARG<,,l10n_co_chart_template_comercial,sale,"RTE FTE V Servicios de transporte nacional de carga",529,,,percent,,co_puc_com_135515,co_puc_com_135515
tax_rrenta_SERVI_40actext,RTE FTEserTCARG>EX,,l10n_co_chart_template_comercial,purchase,"RTE FTE EXTERIOR Servicios de transporte nacional de carga",654,,,percent,,co_puc_com_236550,co_puc_com_236550
tax_rrenta_SERVI_40actpf,RTE FTEserTCARG>PF,,l10n_co_chart_template_comercial,purchase,"RTE FTE PARAISO Servicios de transporte nacional de carga",655,,,percent,,co_puc_com_236550,co_puc_com_236550
tax_rrenta_SERVI_41act,RTE FTEserTPERSd>,,l10n_co_chart_template_comercial,purchase,"RTE FTE C Servicios de transporte terrestre nacional de pasajeros",,,,percent,,,
tax_rrenta_SERVI_41pas,RTE FTEserTPERSd<,,l10n_co_chart_template_comercial,sale,"RTE FTE V Servicios de transporte terrestre nacional de pasajeros pas",,,,percent,,,
tax_rrenta_SERVI_41actext,RTE FTEserTPERSd>EX,,l10n_co_chart_template_comercial,purchase,"RTE FTE EXTERIOR Servicios de transporte terrestre nacional de pasajeros act ext",,,,percent,,,
tax_rrenta_SERVI_41actpf,RTE FTEserTPERSd>PF,,l10n_co_chart_template_comercial,purchase,"RTE FTE PARAISO Servicios de transporte terrestre nacional de pasajerosact pf",,,,percent,,,
tax_rrenta_SERVI_41pasauto,RTE FTEserTPERSd<AR,,l10n_co_chart_template_comercial,sale,"RTE FTE - Servicios de transporte terrestre nacional de pasajeros pas auto",,,,percent,,,
tax_rrenta_SERVI_41pasauto_ASU,RTE FTEserTPERSd<AR\,,l10n_co_chart_template_comercial,sale,"RTE FTE - Servicios de transporte terrestre nacional de pasajeros pas auto ASU",,,,percent,,,
tax_rrenta_SERVI_41pasauto_CP,RTE FTEserTPERSd<AR/,,l10n_co_chart_template_comercial,sale,"RTE FTE - Servicios de transporte terrestre nacional de pasajeros pas auto CP",,,,percent,,,
tax_rrenta_SERVI_42act,RTE FTEserGENEd>,,l10n_co_chart_template_comercial,purchase,"RTE FTE C Servicios en general",,,,percent,,,
tax_rrenta_SERVI_42pas,RTE FTEserGENEd<,,l10n_co_chart_template_comercial,sale,"RTE FTE V Servicios en general",,,,percent,,,
tax_rrenta_SERVI_42actext,RTE FTEserGENEd>EX,,l10n_co_chart_template_comercial,purchase,"RTE FTE EXTERIOR Servicios en general",,,,percent,,,
tax_rrenta_SERVI_42actpf,RTE FTEserGENEd>PF,,l10n_co_chart_template_comercial,purchase,"RTE FTE PARAISO Servicios en general",,,,percent,,,
tax_rrenta_SERVI_42pasauto,RTE FTEserGENEd<AR,,l10n_co_chart_template_comercial,sale,"RTE FTE - Servicios en general",,,,percent,,,
tax_rrenta_SERVI_44act,RTE FTEserTEMP>,,l10n_co_chart_template_comercial,purchase,"RTE FTE C Servicios temporales de empleo (la base será el 100% del A.I.U. siempre que sea mayor o igual a 4 UVT)",665,,,percent,,co_puc_com_236525,co_puc_com_236525
tax_rrenta_SERVI_44pas,RTE FTEserTEMP<,,l10n_co_chart_template_comercial,sale,"RTE FTE V Servicios temporales de empleo (la base será el 100% del A.I.U. siempre que sea mayor o igual a 4 UVT)",533,,,percent,,co_puc_com_135515,co_puc_com_135515
tax_rrenta_SERVI_44actext,RTE FTEserTEMP>EX,,l10n_co_chart_template_comercial,purchase,"RTE FTE EXTERIOR Servicios temporales de empleo (la base será el 100% del A.I.U. siempre que sea mayor o igual a 4 UVT)",666,,,percent,,co_puc_com_236550,co_puc_com_236550
tax_rrenta_SERVI_44actpf,RTE FTEserTEMP>PF,,l10n_co_chart_template_comercial,purchase,"RTE FTE PARAISO Servicios temporales de empleo (la base será el 100% del A.I.U. siempre que sea mayor o igual a 4 UVT)",667,,,percent,,co_puc_com_236550,co_puc_com_236550
tax_rrenta_SERVI_44pasauto,RTE FTEserTEMP<AR,,l10n_co_chart_template_comercial,sale,"RTE FTE - Servicios temporales de empleo (la base será el 100% del A.I.U. siempre que sea mayor o igual a 4 UVT)",993,,,percent,,,
tax_rrenta_SERVI_45act,RTE FTEserSISM>,,l10n_co_chart_template_comercial,purchase,"RTE FTE C Servicios de sísmica para el sector de hidrocarburos",,,,percent,,,
tax_rrenta_SERVI_45pas,RTE FTEserSISM<,,l10n_co_chart_template_comercial,sale,"RTE FTE V Servicios de sísmica para el sector de hidrocarburos",,,,percent,,,
tax_rrenta_SERVI_45actext,RTE FTEserSISM>EX,,l10n_co_chart_template_comercial,purchase,"RTE FTE EXTERIOR Servicios de sísmica para el sector de hidrocarburos",,,,percent,,,
tax_rrenta_SERVI_45actpf,RTE FTEserSISM>PF,,l10n_co_chart_template_comercial,purchase,"RTE FTE PARAISO Servicios de sísmica para el sector de hidrocarburos",,,,percent,,,
tax_rrenta_SERVI_45pasauto,RTE FTEserSISM<AR,,l10n_co_chart_template_comercial,sale,"RTE FTE - Servicios de sísmica para el sector de hidrocarburos",,,,percent,,,
tax_rrenta_SERVI_45pasauto_ASU,RTE FTEserSISM<AR\,,l10n_co_chart_template_comercial,sale,"RTE FTE - Servicios de sísmica para el sector de hidrocarburos 45",,,,percent,,,
tax_rrenta_SERVI_45pasauto_CP,RTE FTEserSISM<AR/,,l10n_co_chart_template_comercial,sale,"RTE FTE - Servicios de sísmica para el sector de hidrocarburos 45 CP",,,,percent,,,